trace_000, 29d6e1caad58ad470e2e4206b868c632
trace_001, f6d710febeb99fe5260550d65de39e35
trace_002, 8a7e1e1c5719d65bbb33cb36545e9e24
trace_003, 380ae49556cb995a7c47a84d48d2a735
trace_004, d1435b3f1dbcd3f4f50da777a0ce1376
trace_005, fcbb72d61a68ae8804634ead1a1301b5
trace_006, 62c9b2ac4dac62ddd9e8c9c2111a34f4
trace_007, 70255e92f0e42e3c5339ede1eea2017a
trace_008, e3fc8adbb5fab33d0f1a8dae91c59751
trace_009, f0f770169db1f31c32af6c3e2a4b7d63
trace_010, 400303bf94443d8f6ebcfe20d4095b40
trace_011, 8651017b17161c34620931b0f0f0b969
trace_012, 9be9c7e4549526ecc47c0c232ef61831
trace_013, cb6a50780ce47e1c554c02870225a781
trace_014, 084691c700211b6ff55dc57a0a6ca692
trace_015, d4acfb53accac7bdb993f1edc68c1b13
trace_016, bbe686a20ad092d4ac02e5348ed58e6b
trace_017, 286085794931af0e7b46d40fac227903
trace_018, ad0c295634ccffca8a0d7044e2aad81c
trace_019, db14438aca20bc17ea456e9a2a51a6b3
trace_020, 02634f781b8e9ca5d5585d12c1ac65d1
trace_021, 45ff8f080f00cd9b2e162a63dff5324a
trace_022, 431f10627f374ee86488699f4b8e9cfc
trace_023, f9552e1c4141d2191ec885e1eedc7027
trace_024, 3b45a3c770a38d5dafe5e029b68dcfed
trace_025, 0f7a6f00994391adcfc3e466cbe810c3
trace_026, 4c3a6c9a013c52607456e55b731a4d5f
trace_027, f0aaa927ea1bcaff73f85c46722a96e9
trace_028, 161ad4b66d1dd4b5831f45c469ae4ee7
trace_029, 130227e9df25a2b4e4500af01dc6a8ab
trace_030, 3198a084561926b5bcf5efb0713bdbdc
trace_031, cf075226dc3a3746aa13469ee1c2fda2
trace_032, 198982030dc6732b4f0e0e1e23a7c5d2
trace_033, 3c6ef4ffe1ae44867c34b6895160d500
trace_034, 299a067b624acb1187e284585ee9d4cd
trace_035, 69560e21d07bc1f0ee966ef4d63b4ec8
trace_036, 816dcde7427e9acd2b937fbde978a983
trace_037, 520751d3378f5fb2eca6406bc8b52876
trace_038, 8b15fbbf5d55374fbb8de09e8430f085
trace_039, 5675fc8edd96928c828e4f19786a7ebe
trace_040, 6bb38c863385c443b45e519737c76ab2
trace_041, fb9e4e927642094a15fad2a667e1b8a2
trace_042, 28f3ed3b40ad89390e38c7f35c5f0b1b
trace_043, 268c2f71c04d612a5b4cae6c673f93c5
trace_044, b7a9687066fe8c5bfc47156224480b33
trace_045, 75f9addcbc7dfc0f25d4181ad5becb55
trace_046, 649e237e5a2c6d84ae5289f2251784be
trace_047, c7f72b77814ab815c0596dc7d05e4c7b
trace_048, 26432ed7baf76485cc4036b5e9f20f6c
trace_049, 981dfa6dc26ce4962c2742b407eff9eb
trace_050, 290ade6c5bcd05cf27a68b2ad7c6fc85
trace_051, 30280006ab484e04df13b5fa14b7f440
trace_052, 7e11dcf58a11dbb2697b146cedc21b03
trace_053, 18f177e9f48bae60521dcbaa1cb0e78e
trace_054, af3aae1eb676deb717383584a37fc5b9
trace_055, b6dc66e0b9c690e6421f429618cf6ad4
trace_056, 2d5868126cef6a4de69ccb29dc0f950e
trace_057, 52feede40be684cddbe00a218fc56e49
trace_058, 1cd5b4a23ec08a735dbe96f11b35046e
trace_059, 04e7734f8f745f3b5097e7111f09d889
trace_060, e53188411b82a06f093b9ba0786a8c88
trace_061, 21c9f1b0c1a0c4e3914938e65ddf56c8
trace_062, 54286c5b35de1f14ca3d5d4589fdf375
trace_063, 4a5cad78257857e00d9faf13400bae9a
trace_064, 5a1eca21983b54d94811440bf14fc25b
trace_065, 89765df96c95081c8b4ca3d9fd502fb0
trace_066, 760ffe8b7f677e62a47daa4254f53124
trace_067, da08570c81265af86745aa8799038794
trace_068, 41435017ad204af804f7b6386abed026
trace_069, cadf5e0b2c74dea7841b2bb32ae06397
trace_070, 409cd059717c32a5f616d00750fa90a3
trace_071, e3c392eefc602ec1e307693ed480fe1f
trace_072, 6fc5e386d4fae8d8b15487393fb343f9
trace_073, 222dd3bd8731d67a2ca1e7c8f7e6a7ac
trace_074, fc09f441e0096e021d7f705a34865b31
trace_075, 42566c3d59197dae7ed5a3f441ef22d6
trace_076, 8f6b940c13fb291ed7d233ae6a5dc088
trace_077, a9694fc255f487554cb74c1a145cfcc4
trace_078, 52298c906a1d606ae2b45e119f708a24
trace_079, 5c4c35e0f3c452148ce1c0834da9bd2c
trace_080, d341b0d6789a62ebf68bd9631d364838
trace_081, c4cb5a4ce6b17296cbf9a77830861967
trace_082, 4a44fd159d821e636514292e46724afa
trace_083, aba1b18899678400711a760a33f8027c
trace_084, 23b69b5499462fb29df0d80e2793ab7b
trace_085, a4b6950d640bba7fe768a83cfb63318d
trace_086, 7b7db71a32ea18cc654c771e056196fd
trace_087, f23dd966b74c4508983c7ecd706d51fd
trace_088, 664651152348a7e09ff94247c4ee6a77
trace_089, 0066689a0e0bf1c5c143f5161faea8cf
trace_090, ba0a7bbdb9d467c04d9691ce565f136b
trace_091, 6309bebc1990d5159620a268ed99d48c
trace_092, 25c91fc7cbfd9e1abb3bddcbed5aa9af
trace_093, d3ba37a845ee99393a35aecd092ba8b4
trace_094, 5f29b53878a5c5a16df754bfb613aaa1
trace_095, 2a44bff9ea932f4fea17d9acef2850c2
trace_096, ca9682632237cda08ce95c5712286194
trace_097, 36facafc5f9d55152f541bd88814faec
trace_098, 73d356b6f048c909bcd8e715e5d70a4f
trace_099, 55e6f29ee4e3cdd099178668e94fece7
trace_100, ccc10d9b8c08cff4ec4c0f7987203607
trace_101, 5332e82979eaa74b4b6ea7c9ea739e7f
trace_102, 92e40f46a9f280832ba8e11943aa8a27
trace_103, 476589453925f3cf46f1ac3cdf386c79
trace_104, ef259557afb8a5b5a9bda42d1875286d
trace_105, 12418f25c29cad1b27fc8e03ebcb3594
trace_106, 7f59d6d428093987637db17b6e3f3b62
trace_107, 78c070cf16af61fe88ddc9a216999162
trace_108, 2fef2c45f01edd90b7341f75de12f869
trace_109, 479e2bc6e9e40bc64a6528d872158dda
trace_110, 804521b6698edd0d04a4f0eabdd9034d
trace_111, 2c5acf044cc74cad2f7635d684b139f2
trace_112, 42f811be429cda0a9402869dfb196104
trace_113, 6bb8f5a564a824125bed4fccb7e6914d
trace_114, d1acec14f888567368453f6a7b0da64f
trace_115, e382eaad1c2d1fe0e697d94e7f8e5d4c
trace_116, 3617f8ab668f5308b9e811bcc3c0f583
trace_117, 3057f870adbe37fb14f135d2599072b5
trace_118, 066a405cae7fea82f283e9540389f0c6
trace_119, 79c4b59597e3f003d6e3e68e6c67f7ff
trace_120, e3da05cfd55244963a0658de20f7d97e
trace_121, 3b2a5b44112f27d705636b0f19cea70b
trace_122, c291c5c9da54e0eb78a5a6119dd2fcf8
trace_123, 1b70c54c6f04027a4b7d268089a20479
trace_124, cc7f22a675cc04c89ef24b83a5a94777
trace_125, 4ef12bd8fab8580399b57ef3793cc945
trace_126, 0ccbbb3be77a1b9e56a086d8e3148a5a
trace_127, 549cfdf8b3810965a32621b81844e174
trace_128, 385730f94ba9c292536ed254eb1846c9
trace_129, 7abd2b1a44b3ddb01face6d9a46084eb
trace_130, d9107984f3ce3ef23f04576789b61a29
trace_131, 186e713be32a094f8d468a18102b9850
trace_132, 070ac5e6660e6e1b77a9b88661cee04f
trace_133, e1e9aef20392da8277a7371310ad9294
trace_134, 1ff3f3b0ab022ae55deefe2e8843d503
trace_135, ae0d96b4a6f09127bed7d68d99cd99e6
trace_136, 075bdcefbf5145d426c2001e2e40c0c5
trace_137, bd606399a62af4821c7980ba7e0d4238
trace_138, a5319ccf4e02d97e0b320fb4e8e157e3
trace_139, 07162d527fa79280e42d9f560f85ac94
trace_140, 1757c91c5e5f4b3e9e8ae50ee925b7a6
trace_141, 0d4cdb31e5288b1fdcdb1831e95288cd
trace_142, 9ef26881b01115d77da7c39d89b021ab
trace_143, 884e41e8f1a0a7f60d12db66f739e5f3
trace_144, 4dd01ac8ef8241d4a170fb01d5bf1d77
trace_145, 75d1eb4b8a9f39f54c621b65bd8ee8a7
trace_146, 32228187b5f465b883b50fbc8991f77d
trace_147, 0cf22c4138a89309754df3722c8e843e
trace_148, 5150b38caa464a887cb9d3b2c269b6f0
trace_149, 3136aa1149d861be06185de217d10c24
trace_150, f02a29a8dc98906a16b43710e89f7924
trace_151, 80c107c3ceab8303386b36ec19642d97
trace_152, 2f92840f7c6538897719cfc61d72b6fb
trace_153, 8fc16f30de408699b4f83a7855c22268
trace_154, c8799d48f7b96a9e762c2e27d31e6ba0
trace_155, 9653f1660e2a13a88c87c0fb60557924
trace_156, f04c704ac80c7c9d0be2009816ab7fef
trace_157, b122b24ff8d8c3f3b8229f77aa81ae92
trace_158, 77506a514cf83c5eb07619aa980c4baf
trace_159, f01feca6de8b067fca7cfde86ff5ddf5
trace_160, 750ba9db8644fe4a98c282ba3192b03f
trace_161, 4649d19a04786d83895489b36424a089
trace_162, 67d72907390154c7f400916485d92e5d
trace_163, f7042c97db924d8232c1f3033ea97faf
trace_164, 9a6ef1b02c9028b8519251a3f0337526
trace_165, 6ceeabe2035f99fee7f2cf42b9c01fd2
trace_166, 4fbc461547d50454bf0f8577105c3c40
trace_167, 660f93fcaf024a188344f28d08be3d82
trace_168, ac28bc7515204d51cf9420aac222de84
trace_169, 98ad9e75e0c305b22abf46c77edafb74
trace_170, 14db6d2e5def7ba3634f266f2ab866bd
trace_171, c1f90a0fe9729db0f478b45af8daa469
trace_172, cd659cec29bfb51967368995635e44f9
trace_173, de2bb2d68ffab807d37a832a18ce431b
trace_174, 1a64453de34f9707e45cfc836732c781
trace_175, 75b555a9f04b85deb2319bb1431b034f
trace_176, 03d39a0acd7ce73e76e7a31a1464fe3f
trace_177, 5b0d0b93c64b79694595dc94ce535f71
trace_178, 63c7c004fcf674939d259d919e2efe65
trace_179, bdf789cf40c40114fec59721c03f2b6e
trace_180, e0b8d7285c3cb06194fa72d3030860c9
trace_181, bcdd32f58ba4eb79b5cbfac323dc0b85
trace_182, 040352212d640fafa1e27682c395c203
trace_183, 54db0506bc61f3a6e177a91443b3e32f
trace_184, 4a4326d0adda8f81ceb6b013379b2baa
trace_185, be10bdafa7df1573da7dc1796fed8318
trace_186, c7772f97fdd021504df4044e29db7f1d
trace_187, b7b1a580a57e9db06de98c326a58906e
trace_188, 60d7038d67b926ecbbef1050bdb44022
trace_189, 0556332d709cadbd96bf16da416c5e91
trace_190, 53b6d66e4fb49e4e636fb38456e7e203
trace_191, 58edadc3aec96ef611de336329e9f0ba
trace_192, 5959cdeb929a9c65e1447008834d0469
trace_193, 1862c833a0caedae831f946c063e2df6
trace_194, e143100aa1aa9a4fb4d6430a3f3827b5
trace_195, 6d889d4ec6d39d076bf0c022e070fb21
trace_196, aa125e2cfcc7550a514c863a0c776ba6
trace_197, 191112e61209fb915a8f0054ec56b357
trace_198, 24310fa07b526593878372e043d85547
trace_199, 4586aab318a0f633680e8b25e5d3310a
trace_200, 7a385466d7447c9490fff2b386a66418
trace_201, eec7d38620cec1d12c8af75671272a10
trace_202, 50a9306086e99f4c618f802c8ccb8a55
trace_203, 72d22ae033234de68d1accae1ce4bff0
trace_204, 0e85f216a903a2cd44a1df2c5def8947
trace_205, 7832918fa93a156ff0c91402fbb98567
trace_206, c48314d611f74e44ae0db84c0a076d97
trace_207, 52025066b93db195d8813fec826de24f
trace_208, a0d51190f726b67b2371c8bcda351526
trace_209, e650224bf3ce4d09d4863ba43c8201d4
trace_210, 801744e79eed0b5b16b05fdbb6dc55b1
trace_211, cd11a5bdf475a3915319a239569ae8c2
trace_212, 7bab9749a5d410818f252a2ae29cc7f7
trace_213, abbc834f6372951ee177cdf77d232ac0
trace_214, b6b7e6759521fc65f0bb8a719526d8e9
trace_215, 973824b3d105ae9f24919315190bd88c
trace_216, b4d8d99f79ab72e1a90a8b569ca4b01c
trace_217, b405ccab69668e73ef726a126da137d4
trace_218, e4f7ed5f470c6d3da694a4bdb6861da0
trace_219, a71d1cada836411a32e6f022d9f5797f
